{"32.72595,74.85878": 19.0, "32.73837,74.86791": 15.0, "32.73096,74.86346": 19.0, "32.72391,74.85747": 32.0, "32.72992,74.86265": 22.0, "32.76298,74.88028": 46.0, "32.72384,74.85730": 28.0, "32.74175,74.86881": 31.0, "32.74191,74.86884": 31.0, "32.74104,74.86861": 13.0, "32.73390,74.86592": 44.0, "32.73590,74.86777": 15.0, "32.78056,74.88580": 50.0, "32.73201,74.86430": 23.0, "32.73485,74.86747": 35.0, "32.73949,74.86801": 13.0, "32.72494,74.85808": 28.0, "32.73712,74.86754": 15.0, "32.74198,74.86903": 38.0, "32.78150,74.88932": 41.0, "32.74192,74.86922": 15.0, "32.79101,74.90326": 41.0, "32.74589,74.87387": 27.0, "32.74216,74.87004": 25.0, "32.73298,74.86509": 28.0, "32.73462,74.86665": 35.0, "32.72105,74.85782": 31.0, "32.78358,74.89262": 41.0, "32.78105,74.88683": 50.0, "32.72639,74.85927": 19.0, "32.74198,74.86892": 38.0, "32.72660,74.85948": 11.0, "32.78169,74.88988": 41.0, "32.72359,74.85702": 33.0, "32.77899,74.88516": 50.0, "32.79031,74.90224": 41.0, "32.74144,74.86873": 13.0, "32.74315,74.87166": 13.0, "32.72509,74.85817": 28.0, "32.74369,74.87271": 23.0, "32.78852,74.89968": 41.0, "32.72655,74.85938": 28.0, "32.72660,74.85956": 28.0, "32.74380,74.87307": 38.0, "32.73657,74.86741": 15.0, "32.73235,74.86458": 28.0, "32.72627,74.85916": 19.0, "32.72912,74.86202": 22.0, "32.77434,74.88297": 46.0, "32.77604,74.88384": 46.0, "32.78540,74.89525": 41.0, "32.72762,74.86061": 22.0, "32.78276,74.89143": 41.0, "32.72544,74.85836": 19.0, "32.73991,74.86834": 13.0, "32.73177,74.86410": 28.0, "32.72443,74.85782": 28.0, "32.74045,74.86846": 13.0, "32.76862,74.88157": 49.0, "32.73523,74.86801": 15.0, "32.78132,74.88794": 34.0, "32.78965,74.90130": 41.0, "32.74390,74.87336": 27.0, "32.78127,74.88848": 41.0, "32.72622,74.85910": 19.0, "32.78200,74.89035": 41.0, "32.75531,74.87723": 35.0, "32.78727,74.89792": 41.0, "32.73962,74.86816": 15.0, "32.74257,74.87080": 28.0, "32.72374,74.85713": 44.0, "30.71386,76.79807": 33.0, "30.72196,76.79039": 44.0, "30.65576,76.82050": 30.0, "30.66080,76.81940": 39.0, "30.65509,76.82116": 49.0, "30.70353,76.79062": 49.0, "30.70554,76.79272": 42.0, "30.73171,76.78128": 44.0, "30.71513,76.79686": 33.0, "30.70728,76.79551": 42.0, "30.72785,76.78508": 44.0, "30.67501,76.81012": 49.0, "30.71776,76.79430": 44.0, "30.72216,76.79031": 44.0, "30.69493,76.79923": 49.0, "30.70906,76.79835": 42.0, "30.71086,76.80110": 33.0, "30.65526,76.82129": 23.0, "30.65756,76.82106": 23.0, "30.69454,76.79957": 49.0, "30.65551,76.82098": 30.0, "30.72597,76.78645": 44.0, "30.69279,76.80138": 49.0, "30.65924,76.82042": 39.0, "30.65861,76.82079": 49.0, "30.72807,76.78457": 44.0, "30.67749,76.80863": 49.0, "30.71669,76.79551": 35.0, "30.70717,76.79533": 42.0, "30.70657,76.79436": 42.0, "30.65559,76.82022": 30.0, "30.68439,76.80576": 49.0, "30.73309,76.78013": 44.0, "30.70425,76.79079": 42.0, "30.71897,76.79304": 44.0, "30.71100,76.80096": 33.0, "30.69544,76.79848": 49.0, "30.70680,76.79472": 42.0, "30.72766,76.78515": 44.0, "30.69509,76.79916": 49.0, "30.66600,76.81583": 49.0, "30.66183,76.81871": 39.0, "30.65844,76.82087": 39.0, "30.72346,76.78882": 44.0, "30.65802,76.82097": 49.0, "30.69131,76.80289": 49.0, "30.72793,76.78488": 44.0, "30.71636,76.79579": 33.0, "30.72227,76.79010": 44.0, "30.65993,76.81998": 39.0, "30.65508,76.82102": 53.0, "30.65590,76.82076": 30.0, "30.72936,76.78336": 44.0, "30.66343,76.81760": 39.0, "30.70323,76.79080": 49.0, "30.65593,76.82123": 23.0, "30.66893,76.81391": 49.0, "30.72048,76.79165": 44.0, "30.70707,76.79517": 42.0, "30.73340,76.78004": 29.0, "30.71241,76.79953": 33.0, "30.72741,76.78519": 44.0, "30.69572,76.79806": 49.0, "30.66475,76.81667": 49.0, "30.65700,76.82112": 23.0, "30.71079,76.80111": 42.0, "30.71655,76.79570": 33.0, "30.67163,76.81218": 49.0, "30.70389,76.79045": 42.0, "30.73359,76.77997": 31.0, "30.69950,76.79440": 49.0, "30.69520,76.79895": 49.0, "30.71252,76.79043": 20.0, "30.71010,76.79195": 20.0, "30.71196,76.79089": 20.0, "30.71298,76.79035": 36.0, "30.70389,76.79095": 33.0, "30.71613,76.79540": 36.0, "30.70666,76.79435": 20.0, "30.70881,76.79254": 20.0, "30.70730,76.79382": 20.0, "30.70813,76.79312": 20.0, "30.71468,76.79286": 36.0, "30.70685,76.79419": 20.0, "30.71619,76.79565": 22.0, "30.71143,76.79135": 20.0}