{"28.62270,77.20245": 40, "28.63398,77.18927": 45, "28.64004,77.17722": 19, "28.62659,77.19537": 25, "28.64714,77.16558": 26, "28.62367,77.20036": 26, "28.65274,77.16173": 30, "28.65677,77.15929": 30, "28.65611,77.16069": 30, "28.63811,77.18057": 19, "28.62661,77.19517": 21, "28.63949,77.17804": 19, "28.63378,77.18948": 38, "28.61528,77.20903": 16, "28.65749,77.15834": 26, "28.65374,77.16180": 30, "28.64959,77.16331": 30, "28.62372,77.19961": 26, "28.64873,77.16446": 26, "28.62358,77.20011": 26, "28.63908,77.17870": 19, "28.62352,77.20098": 40, "28.65635,77.15995": 30, "28.62095,77.20545": 40, "28.65325,77.16147": 30, "28.62317,77.20161": 40, "28.65341,77.16157": 30, "28.63734,77.18208": 19, "28.64818,77.16403": 26, "28.65686,77.15856": 30, "28.64230,77.17371": 26, "28.64155,77.17479": 30, "28.65422,77.16191": 30, "28.65008,77.16303": 30, "28.62591,77.19677": 40, "28.63475,77.18746": 16, "28.65574,77.16219": 30, "28.63847,77.17982": 19, "28.65404,77.16190": 30, "28.64333,77.17198": 26, "28.62022,77.20647": 26, "28.65482,77.16239": 30, "28.65601,77.16079": 30, "28.65670,77.15952": 30, "28.64047,77.17657": 19, "28.63700,77.18269": 19, "28.64842,77.16424": 26, "28.65605,77.16189": 26, "28.61958,77.20775": 26, "28.64159,77.17453": 26, "28.63635,77.18381": 19, "28.65614,77.16122": 30, "28.62053,77.20586": 13, "28.63875,77.17930": 19, "28.64488,77.16933": 26, "28.64909,77.16415": 30, "28.62418,77.19800": 34, "28.65240,77.16189": 30, "28.64798,77.16416": 26, "28.61776,77.21070": 15, "28.63933,77.17827": 19, "28.63590,77.18467": 19, "28.61694,77.21195": 25, "28.65135,77.16334": 30, "28.65085,77.16359": 30, "28.65215,77.16212": 30, "28.64114,77.17555": 19, "28.61868,77.20921": 15, "28.63768,77.18144": 19, "28.63549,77.18551": 19, "28.62017,77.20622": 28, "28.62508,77.19807": 40, "28.62668,77.19504": 21, "28.61391,77.20898": 25, "28.62368,77.20065": 40, "28.64177,77.17429": 26, "28.61622,77.21060": 25, "28.63663,77.18332": 19, "28.65046,77.16330": 30, "28.65304,77.16164": 30, "28.65712,77.15819": 26, "28.64611,77.16729": 26, "28.64196,77.17422": 26, "28.62350,77.19892": 26, "28.62366,77.19991": 26, "28.64151,77.17494": 19, "28.64780,77.16446": 26, "28.63975,77.17764": 19, "28.61443,77.20880": 25, "28.62331,77.19809": 46, "28.62333,77.19851": 26, "28.63385,77.18933": 27, "28.65449,77.16213": 30, "28.65629,77.16036": 30, "28.62026,77.20595": 13, "28.65184,77.16249": 30, "28.62185,77.20392": 40, "28.63024,77.19230": 47, "28.65505,77.16246": 30, "28.65537,77.16231": 26, "28.62363,77.19922": 26, "28.65645,77.15963": 30, "32.71162,74.87083": 25, "32.71808,74.86141": 37, "32.67935,74.90644": 49, "32.67377,74.91075": 26, "32.68511,74.90527": 49, "32.70313,74.89687": 49, "32.71793,74.85968": 37, "32.71328,74.88263": 48, "32.71061,74.87478": 42, "32.70282,74.89701": 49, "32.67589,74.90818": 26, "32.67568,74.90844": 26, "32.67764,74.90798": 27, "32.67474,74.90958": 26, "32.71528,74.88913": 46, "32.68021,74.90580": 49, "32.71651,74.85836": 46, "32.69109,74.90243": 49, "32.67798,74.90797": 16, "32.68237,74.90595": 46, "32.69091,74.90252": 49, "32.67834,74.90743": 27, "32.71671,74.85810": 49, "32.68560,74.90504": 49, "32.67715,74.90743": 27, "32.71574,74.89124": 49, "32.71675,74.85863": 46, "32.67688,74.90714": 26, "32.69082,74.90256": 49, "32.71150,74.87739": 43, "32.67644,74.90750": 26, "32.67458,74.90977": 26, "32.71000,74.87293": 42, "32.71735,74.85892": 46, "32.67736,74.90766": 27, "32.70332,74.89679": 49, "32.69674,74.89982": 49, "32.68823,74.90379": 49, "32.67603,74.90800": 26, "32.67406,74.91039": 26, "32.67552,74.90863": 26, "32.71040,74.87423": 43, "32.71769,74.85827": 46, "32.68391,74.90574": 49, "32.67514,74.90909": 26, "32.71805,74.86288": 37, "32.71775,74.85921": 49, "32.68111,74.90570": 49, "32.71404,74.86984": 25, "32.71437,74.86934": 37, "32.71795,74.86321": 37, "32.67434,74.91005": 26, "32.70245,74.89718": 49, "32.71576,74.89114": 46, "32.71481,74.88719": 46, "32.71573,74.89103": 46, "32.67699,74.90726": 27, "32.67872,74.90696": 27, "32.70709,74.89510": 49, "32.70962,74.87169": 51, "32.71632,74.86605": 37, "32.71325,74.89235": 49, "32.71386,74.86996": 37, "32.71366,74.87002": 37, "32.71803,74.86012": 37, "32.71101,74.87595": 43}