{"28.62270,77.20245": 40, "28.63398,77.18927": 45, "28.64004,77.17722": 19, "28.62659,77.19537": 25, "28.64714,77.16558": 26, "28.62367,77.20036": 26, "28.65274,77.16173": 30, "28.65677,77.15929": 30, "28.65611,77.16069": 30, "28.63811,77.18057": 19, "28.62661,77.19517": 21, "28.63949,77.17804": 19, "28.63378,77.18948": 38, "28.61528,77.20903": 16, "28.65749,77.15834": 26, "28.65374,77.16180": 30, "28.64959,77.16331": 30, "28.62372,77.19961": 26, "28.64873,77.16446": 26, "28.62358,77.20011": 26, "28.63908,77.17870": 19, "28.62352,77.20098": 40, "28.65635,77.15995": 30, "28.62095,77.20545": 40, "28.65325,77.16147": 30, "28.62317,77.20161": 40, "28.65341,77.16157": 30, "28.63734,77.18208": 19, "28.64818,77.16403": 26, "28.65686,77.15856": 30, "28.64230,77.17371": 26, "28.64155,77.17479": 30, "28.65422,77.16191": 30, "28.65008,77.16303": 30, "28.62591,77.19677": 40, "28.63475,77.18746": 16, "28.65574,77.16219": 30, "28.63847,77.17982": 19, "28.65404,77.16190": 30, "28.64333,77.17198": 26, "28.62022,77.20647": 26, "28.65482,77.16239": 30, "28.65601,77.16079": 30, "28.65670,77.15952": 30, "28.64047,77.17657": 19, "28.63700,77.18269": 19, "28.64842,77.16424": 26, "28.65605,77.16189": 26, "28.61958,77.20775": 26, "28.64159,77.17453": 26, "28.63635,77.18381": 19, "28.65614,77.16122": 30, "28.62053,77.20586": 13, "28.63875,77.17930": 19, "28.64488,77.16933": 26, "28.64909,77.16415": 30, "28.62418,77.19800": 34, "28.65240,77.16189": 30, "28.64798,77.16416": 26, "28.61776,77.21070": 15, "28.63933,77.17827": 19, "28.63590,77.18467": 19, "28.61694,77.21195": 25, "28.65135,77.16334": 30, "28.65085,77.16359": 30, "28.65215,77.16212": 30, "28.64114,77.17555": 19, "28.61868,77.20921": 15, "28.63768,77.18144": 19, "28.63549,77.18551": 19, "28.62017,77.20622": 28, "28.62508,77.19807": 40, "28.62668,77.19504": 21, "28.61391,77.20898": 25, "28.62368,77.20065": 40, "28.64177,77.17429": 26, "28.61622,77.21060": 25, "28.63663,77.18332": 19, "28.65046,77.16330": 30, "28.65304,77.16164": 30, "28.65712,77.15819": 26, "28.64611,77.16729": 26, "28.64196,77.17422": 26, "28.62350,77.19892": 26, "28.62366,77.19991": 26, "28.64151,77.17494": 19, "28.64780,77.16446": 26, "28.63975,77.17764": 19, "28.61443,77.20880": 25, "28.62331,77.19809": 46, "28.62333,77.19851": 26, "28.63385,77.18933": 27, "28.65449,77.16213": 30, "28.65629,77.16036": 30, "28.62026,77.20595": 13, "28.65184,77.16249": 30, "28.62185,77.20392": 40, "28.63024,77.19230": 47, "28.65505,77.16246": 30, "28.65537,77.16231": 26, "28.62363,77.19922": 26, "28.65645,77.15963": 30, "30.69788,76.80147": 29, "30.72785,76.78508": 44, "30.72216,76.79031": 44, "30.71386,76.79807": 34, "30.71513,76.79686": 34, "30.73171,76.78128": 44, "30.70026,76.80332": 29, "30.70117,76.80198": 29, "30.72196,76.79039": 44, "30.70906,76.79835": 42, "30.69010,76.81335": 34, "30.71776,76.79430": 44, "30.69481,76.79998": 33, "30.71086,76.80110": 34, "30.72597,76.78645": 44, "30.70715,76.79563": 28, "30.72807,76.78457": 44, "30.70034,76.80332": 49, "30.71669,76.79551": 35, "30.68934,76.81903": 35, "30.70576,76.79681": 29, "30.70685,76.79570": 29, "30.73309,76.78013": 44, "30.71897,76.79304": 44, "30.72766,76.78515": 44, "30.71100,76.80096": 34, "30.72346,76.78882": 44, "30.71636,76.79579": 34, "30.72793,76.78488": 44, "30.72227,76.79010": 44, "30.72936,76.78336": 44, "30.69169,76.80366": 43, "30.72048,76.79165": 44, "30.71241,76.79953": 34, "30.73340,76.78004": 29, "30.72741,76.78519": 44, "30.69011,76.81081": 46, "30.70336,76.79925": 29, "30.69289,76.80190": 24, "30.71079,76.80111": 42, "30.71655,76.79570": 34, "30.73359,76.77997": 31, "30.69089,76.80681": 43, "30.69097,76.82410": 38, "30.69097,76.82463": 28, "30.68991,76.81772": 37, "30.68984,76.82329": 38, "30.69113,76.82914": 38, "30.69070,76.82754": 28, "30.69016,76.81496": 30, "30.69133,76.82660": 27, "30.69156,76.82617": 27, "30.69124,76.82548": 27, "30.69083,76.82376": 38, "30.69159,76.82991": 38, "30.69065,76.82848": 38, "30.68973,76.82039": 38, "30.69149,76.83109": 38, "30.68985,76.82252": 38, "30.68986,76.82129": 38, "30.69039,76.82375": 38, "30.68997,76.82375": 27, "40.70042,-73.99027": 9, "40.68809,-74.00123": 76, "40.69053,-73.99924": 22, "40.67866,-74.01137": 42, "40.70131,-73.99154": 11, "40.71198,-74.00606": 10, "40.68571,-74.00360": 76, "40.68239,-74.00698": 59, "40.68875,-74.00091": 76, "40.67706,-74.01324": 76, "40.70615,-73.99706": 23, "40.71148,-74.00375": 23, "40.67760,-74.01261": 42, "40.70116,-73.99425": 42, "40.69020,-74.00017": 39, "40.68330,-74.00600": 83, "40.68133,-74.00824": 60, "40.67920,-74.01074": 62, "40.67813,-74.01199": 42, "40.70168,-73.99302": 13, "40.67418,-74.01659": 62, "40.68079,-74.00887": 59, "40.70008,-73.99047": 10, "40.68988,-74.00033": 39, "40.70160,-73.99331": 13, "40.68534,-74.00500": 83, "40.68675,-74.00187": 76, "40.67653,-74.01387": 60, "40.69033,-74.00010": 21, "40.70180,-73.99258": 13, "40.68466,-74.00532": 83, "40.71171,-74.00492": 41, "40.68186,-74.00761": 60, "40.70051,-73.99083": 10, "40.67494,-74.01572": 42, "40.70185,-73.99230": 7, "40.67547,-74.01511": 42, "40.71208,-74.00589": 14, "40.68399,-74.00564": 83, "40.70021,-73.99080": 16, "40.69028,-73.99979": 6, "40.69579,-73.99707": 42, "40.68026,-74.00949": 59, "40.68293,-74.00636": 59, "40.67600,-74.01449": 60, "40.68353,-74.00587": 83, "40.68937,-74.00060": 39, "40.67973,-74.01011": 59, "44.67436,-93.37952": 93, "44.67449,-93.41455": 87, "44.67424,-93.39013": 93, "44.67425,-93.39690": 93, "44.67430,-93.40203": 87, "44.67429,-93.38009": 93, "44.67503,-93.37930": 93, "44.66690,-93.43997": 87, "44.67436,-93.40698": 87, "44.67424,-93.38331": 93, "44.68288,-93.37915": 93, "44.67443,-93.42464": 84, "44.67638,-93.37912": 87, "44.67424,-93.43479": 84, "44.69052,-93.37947": 93, "44.65497,-93.43993": null, "44.64957,-93.43989": null, "30.71406,76.78958": 29.0, "30.71771,76.79241": 39.0, "30.71838,76.79298": 39.0, "30.71604,76.79271": 39.0, "30.65050,76.88174": 36.0, "30.71686,76.79262": 39.0, "30.71477,76.79071": 39.0, "30.64548,76.88233": 38.0, "30.66861,76.84981": 38.0, "30.70353,76.79062": 49.0, "30.69454,76.79957": 49.0, "30.71578,76.79229": 39.0, "30.66707,76.84817": 60.0, "30.65011,76.88174": 36.0, "30.70666,76.79435": 29.0, "30.65145,76.88013": 33.0, "30.65722,76.87588": 36.0, "30.66751,76.86111": 45.0, "30.65971,76.82552": 60.0, "30.65335,76.87824": 33.0, "30.71800,76.79287": 39.0, "30.71542,76.79173": 39.0, "30.71252,76.79043": 29.0, "30.66660,76.87612": 36.0, "30.71880,76.79314": 39.0, "30.67032,76.85539": 45.0, "30.65307,76.87980": 33.0, "30.65621,76.87698": 41.0, "30.65736,76.87591": 36.0, "30.65959,76.87614": 43.0, "30.65754,76.87594": 36.0, "30.66475,76.81667": 49.0, "30.66871,76.86343": 45.0, "30.66649,76.87652": 43.0, "30.69950,76.79440": 49.0, "30.66663,76.85983": 45.0, "30.70881,76.79254": 29.0, "30.64608,76.88185": 38.0, "30.71649,76.79272": 39.0, "30.66059,76.82964": 60.0, "30.64889,76.88173": 36.0, "30.66080,76.81940": 39.0, "30.65575,76.87698": 43.0, "30.69493,76.79923": 49.0, "30.66689,76.85950": 45.0, "30.66661,76.87638": 36.0, "30.65068,76.88114": 33.0, "30.66167,76.87619": 43.0, "30.67749,76.80863": 49.0, "30.67088,76.85473": 45.0, "30.66834,76.86410": 45.0, "30.64511,76.88323": 38.0, "30.64550,76.88213": 38.0, "30.70425,76.79079": 42.0, "30.71196,76.79089": 29.0, "30.66600,76.81583": 49.0, "30.69544,76.79848": 49.0, "30.65510,76.87735": 43.0, "30.69131,76.80289": 49.0, "30.66844,76.86214": 45.0, "30.66681,76.86034": 45.0, "30.65309,76.87829": 33.0, "30.65774,76.87603": 43.0, "30.71302,76.79004": 29.0, "30.65384,76.87789": 43.0, "30.66636,76.87647": 43.0, "30.66314,76.83834": 32.0, "30.65480,76.87789": 43.0, "30.66242,76.87605": 43.0, "30.64676,76.88171": 43.0, "30.65651,76.87699": 41.0, "30.65967,76.82042": 39.0, "30.66803,76.86466": 45.0, "30.65532,76.87697": 43.0, "30.64770,76.88172": 43.0, "30.65078,76.88054": 36.0, "30.69279,76.80138": 49.0, "30.66830,76.85782": 45.0, "30.66771,76.86552": 45.0, "30.66709,76.87093": 43.0, "30.65309,76.87885": 33.0,