{"28.62270,77.20245": 40, "28.63398,77.18927": 45, "28.64004,77.17722": 19, "28.62659,77.19537": 25, "28.64714,77.16558": 26, "28.62367,77.20036": 26, "28.65274,77.16173": 30, "28.65677,77.15929": 30, "28.65611,77.16069": 30, "28.63811,77.18057": 19, "28.62661,77.19517": 21, "28.63949,77.17804": 19, "28.63378,77.18948": 38, "28.61528,77.20903": 16, "28.65749,77.15834": 26, "28.65374,77.16180": 30, "28.64959,77.16331": 30, "28.62372,77.19961": 26, "28.64873,77.16446": 26, "28.62358,77.20011": 26, "28.63908,77.17870": 19, "28.62352,77.20098": 40, "28.65635,77.15995": 30, "28.62095,77.20545": 40, "28.65325,77.16147": 30, "28.62317,77.20161": 40, "28.65341,77.16157": 30, "28.63734,77.18208": 19, "28.64818,77.16403": 26, "28.65686,77.15856": 30, "28.64230,77.17371": 26, "28.64155,77.17479": 30, "28.65422,77.16191": 30, "28.65008,77.16303": 30, "28.62591,77.19677": 40, "28.63475,77.18746": 16, "28.65574,77.16219": 30, "28.63847,77.17982": 19, "28.65404,77.16190": 30, "28.64333,77.17198": 26, "28.62022,77.20647": 26, "28.65482,77.16239": 30, "28.65601,77.16079": 30, "28.65670,77.15952": 30, "28.64047,77.17657": 19, "28.63700,77.18269": 19, "28.64842,77.16424": 26, "28.65605,77.16189": 26, "28.61958,77.20775": 26, "28.64159,77.17453": 26, "28.63635,77.18381": 19, "28.65614,77.16122": 30, "28.62053,77.20586": 13, "28.63875,77.17930": 19, "28.64488,77.16933": 26, "28.64909,77.16415": 30, "28.62418,77.19800": 34, "28.65240,77.16189": 30, "28.64798,77.16416": 26, "28.61776,77.21070": 15, "28.63933,77.17827": 19, "28.63590,77.18467": 19, "28.61694,77.21195": 25, "28.65135,77.16334": 30, "28.65085,77.16359": 30, "28.65215,77.16212": 30, "28.64114,77.17555": 19, "28.61868,77.20921": 15, "28.63768,77.18144": 19, "28.63549,77.18551": 19, "28.62017,77.20622": 28, "28.62508,77.19807": 40, "28.62668,77.19504": 21, "28.61391,77.20898": 25, "28.62368,77.20065": 40, "28.64177,77.17429": 26, "28.61622,77.21060": 25, "28.63663,77.18332": 19, "28.65046,77.16330": 30, "28.65304,77.16164": 30, "28.65712,77.15819": 26, "28.64611,77.16729": 26, "28.64196,77.17422": 26, "28.62350,77.19892": 26, "28.62366,77.19991": 26, "28.64151,77.17494": 19, "28.64780,77.16446": 26, "28.63975,77.17764": 19, "28.61443,77.20880": 25, "28.62331,77.19809": 46, "28.62333,77.19851": 26, "28.63385,77.18933": 27, "28.65449,77.16213": 30, "28.65629,77.16036": 30, "28.62026,77.20595": 13, "28.65184,77.16249": 30, "28.62185,77.20392": 40, "28.63024,77.19230": 47, "28.65505,77.16246": 30, "28.65537,77.16231": 26, "28.62363,77.19922": 26, "28.65645,77.15963": 30, "30.69788,76.80147": 29, "30.72785,76.78508": 44, "30.72216,76.79031": 44, "30.71386,76.79807": 34, "30.71513,76.79686": 34, "30.73171,76.78128": 44, "30.70026,76.80332": 29, "30.70117,76.80198": 29, "30.72196,76.79039": 44, "30.70906,76.79835": 42, "30.69010,76.81335": 34, "30.71776,76.79430": 44, "30.69481,76.79998": 33, "30.71086,76.80110": 34, "30.72597,76.78645": 44, "30.70715,76.79563": 28, "30.72807,76.78457": 44, "30.70034,76.80332": 49, "30.71669,76.79551": 35, "30.68934,76.81903": 35, "30.70576,76.79681": 29, "30.70685,76.79570": 29, "30.73309,76.78013": 44, "30.71897,76.79304": 44, "30.72766,76.78515": 44, "30.71100,76.80096": 34, "30.72346,76.78882": 44, "30.71636,76.79579": 34, "30.72793,76.78488": 44, "30.72227,76.79010": 44, "30.72936,76.78336": 44, "30.69169,76.80366": 43, "30.72048,76.79165": 44, "30.71241,76.79953": 34, "30.73340,76.78004": 29, "30.72741,76.78519": 44, "30.69011,76.81081": 46, "30.70336,76.79925": 29, "30.69289,76.80190": 24, "30.71079,76.80111": 42, "30.71655,76.79570": 34, "30.73359,76.77997": 31, "30.69089,76.80681": 43, "30.69097,76.82410": 38, "30.69097,76.82463": 28, "30.68991,76.81772": 37, "30.68984,76.82329": 38, "30.69113,76.82914": 38, "30.69070,76.82754": 28, "30.69016,76.81496": 30, "30.69133,76.82660": 27, "30.69156,76.82617": 27, "30.69124,76.82548": 27, "30.69083,76.82376": 38, "30.69159,76.82991": 38, "30.69065,76.82848": 38, "30.68973,76.82039": 38, "30.69149,76.83109": 38, "30.68985,76.82252": 38, "30.68986,76.82129": 38, "30.69039,76.82375": 38, "30.68997,76.82375": 27}