{"32.72595,74.85878": 19.0, "32.73837,74.86791": 15.0, "32.73096,74.86346": 19.0, "32.72391,74.85747": 32.0, "32.72992,74.86265": 22.0, "32.76298,74.88028": 46.0, "32.72384,74.85730": 28.0, "32.74175,74.86881": 31.0, "32.74191,74.86884": 31.0, "32.74104,74.86861": 13.0, "32.73390,74.86592": 44.0, "32.73590,74.86777": 15.0, "32.78056,74.88580": 50.0, "32.73201,74.86430": 23.0, "32.73485,74.86747": 35.0, "32.73949,74.86801": 13.0, "32.72494,74.85808": 28.0, "32.73712,74.86754": 15.0, "32.74198,74.86903": 38.0, "32.78150,74.88932": 41.0, "32.74192,74.86922": 15.0, "32.79101,74.90326": 41.0, "32.74589,74.87387": 27.0, "32.74216,74.87004": 25.0, "32.73298,74.86509": 28.0, "32.73462,74.86665": 35.0, "32.72105,74.85782": 31.0, "32.78358,74.89262": 41.0, "32.78105,74.88683": 50.0, "32.72639,74.85927": 19.0, "32.74198,74.86892": 38.0, "32.72660,74.85948": 11.0, "32.78169,74.88988": 41.0, "32.72359,74.85702": 33.0, "32.77899,74.88516": 50.0, "32.79031,74.90224": 41.0, "32.74144,74.86873": 13.0, "32.74315,74.87166": 13.0, "32.72509,74.85817": 28.0, "32.74369,74.87271": 23.0, "32.78852,74.89968": 41.0, "32.72655,74.85938": 28.0, "32.72660,74.85956": 28.0, "32.74380,74.87307": 38.0, "32.73657,74.86741": 15.0, "32.73235,74.86458": 28.0, "32.72627,74.85916": 19.0, "32.72912,74.86202": 22.0, "32.77434,74.88297": 46.0, "32.77604,74.88384": 46.0, "32.78540,74.89525": 41.0, "32.72762,74.86061": 22.0, "32.78276,74.89143": 41.0, "32.72544,74.85836": 19.0, "32.73991,74.86834": 13.0, "32.73177,74.86410": 28.0, "32.72443,74.85782": 28.0, "32.74045,74.86846": 13.0, "32.76862,74.88157": 49.0, "32.73523,74.86801": 15.0, "32.78132,74.88794": 34.0, "32.78965,74.90130": 41.0, "32.74390,74.87336": 27.0, "32.78127,74.88848": 41.0, "32.72622,74.85910": 19.0, "32.78200,74.89035": 41.0, "32.75531,74.87723": 35.0, "32.78727,74.89792": 41.0, "32.73962,74.86816": 15.0, "32.74257,74.87080": 28.0, "32.72374,74.85713": 44.0}